--
-- PostgreSQL database dump
--

-- Dumped from database version 12.5 (Ubuntu 12.5-0ubuntu0.20.04.1)
-- Dumped by pg_dump version 12.5 (Ubuntu 12.5-0ubuntu0.20.04.1)

SET statement_timeout = 0;
SET lock_timeout = 0;
SET idle_in_transaction_session_timeout = 0;
SET client_encoding = 'UTF8';
SET standard_conforming_strings = on;
SELECT pg_catalog.set_config('search_path', '', false);
SET check_function_bodies = false;
SET xmloption = content;
SET client_min_messages = warning;
SET row_security = off;

SET default_tablespace = '';

SET default_table_access_method = heap;

--
-- Name: ar_internal_metadata; Type: TABLE; Schema: public; Owner: -
--

CREATE TABLE public.ar_internal_metadata (
    key text NOT NULL,
    value text,
    created_at timestamp with time zone,
    updated_at timestamp with time zone
);


--
-- Name: articles; Type: TABLE; Schema: public; Owner: -
--

CREATE TABLE public.articles (
    id bigint NOT NULL,
    title text,
    body text,
    created_at timestamp with time zone,
    updated_at timestamp with time zone,
    image_file_name text,
    image_content_type text,
    image_file_size bigint,
    image_updated_at timestamp with time zone
);


--
-- Name: articles_id_seq; Type: SEQUENCE; Schema: public; Owner: -
--

CREATE SEQUENCE public.articles_id_seq
    START WITH 1
    INCREMENT BY 1
    NO MINVALUE
    NO MAXVALUE
    CACHE 1;


--
-- Name: articles_id_seq; Type: SEQUENCE OWNED BY; Schema: public; Owner: -
--

ALTER SEQUENCE public.articles_id_seq OWNED BY public.articles.id;


--
-- Name: authors; Type: TABLE; Schema: public; Owner: -
--

CREATE TABLE public.authors (
    id bigint NOT NULL,
    username text,
    email text,
    crypted_password text,
    salt text,
    created_at timestamp with time zone,
    updated_at timestamp with time zone
);


--
-- Name: authors_id_seq; Type: SEQUENCE; Schema: public; Owner: -
--

CREATE SEQUENCE public.authors_id_seq
    START WITH 1
    INCREMENT BY 1
    NO MINVALUE
    NO MAXVALUE
    CACHE 1;


--
-- Name: authors_id_seq; Type: SEQUENCE OWNED BY; Schema: public; Owner: -
--

ALTER SEQUENCE public.authors_id_seq OWNED BY public.authors.id;


--
-- Name: comments; Type: TABLE; Schema: public; Owner: -
--

CREATE TABLE public.comments (
    id bigint NOT NULL,
    author_name text,
    body text,
    article_id bigint,
    created_at timestamp with time zone,
    updated_at timestamp with time zone
);


--
-- Name: comments_id_seq; Type: SEQUENCE; Schema: public; Owner: -
--

CREATE SEQUENCE public.comments_id_seq
    START WITH 1
    INCREMENT BY 1
    NO MINVALUE
    NO MAXVALUE
    CACHE 1;


--
-- Name: comments_id_seq; Type: SEQUENCE OWNED BY; Schema: public; Owner: -
--

ALTER SEQUENCE public.comments_id_seq OWNED BY public.comments.id;


--
-- Name: schema_migrations; Type: TABLE; Schema: public; Owner: -
--

CREATE TABLE public.schema_migrations (
    version text NOT NULL
);


--
-- Name: taggings; Type: TABLE; Schema: public; Owner: -
--

CREATE TABLE public.taggings (
    id bigint NOT NULL,
    tag_id bigint,
    article_id bigint,
    created_at timestamp with time zone,
    updated_at timestamp with time zone
);


--
-- Name: taggings_id_seq; Type: SEQUENCE; Schema: public; Owner: -
--

CREATE SEQUENCE public.taggings_id_seq
    START WITH 1
    INCREMENT BY 1
    NO MINVALUE
    NO MAXVALUE
    CACHE 1;


--
-- Name: taggings_id_seq; Type: SEQUENCE OWNED BY; Schema: public; Owner: -
--

ALTER SEQUENCE public.taggings_id_seq OWNED BY public.taggings.id;


--
-- Name: tags; Type: TABLE; Schema: public; Owner: -
--

CREATE TABLE public.tags (
    id bigint NOT NULL,
    name text,
    created_at timestamp with time zone,
    updated_at timestamp with time zone
);


--
-- Name: tags_id_seq; Type: SEQUENCE; Schema: public; Owner: -
--

CREATE SEQUENCE public.tags_id_seq
    START WITH 1
    INCREMENT BY 1
    NO MINVALUE
    NO MAXVALUE
    CACHE 1;


--
-- Name: tags_id_seq; Type: SEQUENCE OWNED BY; Schema: public; Owner: -
--

ALTER SEQUENCE public.tags_id_seq OWNED BY public.tags.id;


--
-- Name: articles id; Type: DEFAULT; Schema: public; Owner: -
--

ALTER TABLE ONLY public.articles ALTER COLUMN id SET DEFAULT nextval('public.articles_id_seq'::regclass);


--
-- Name: authors id; Type: DEFAULT; Schema: public; Owner: -
--

ALTER TABLE ONLY public.authors ALTER COLUMN id SET DEFAULT nextval('public.authors_id_seq'::regclass);


--
-- Name: comments id; Type: DEFAULT; Schema: public; Owner: -
--

ALTER TABLE ONLY public.comments ALTER COLUMN id SET DEFAULT nextval('public.comments_id_seq'::regclass);


--
-- Name: taggings id; Type: DEFAULT; Schema: public; Owner: -
--

ALTER TABLE ONLY public.taggings ALTER COLUMN id SET DEFAULT nextval('public.taggings_id_seq'::regclass);


--
-- Name: tags id; Type: DEFAULT; Schema: public; Owner: -
--

ALTER TABLE ONLY public.tags ALTER COLUMN id SET DEFAULT nextval('public.tags_id_seq'::regclass);


--
-- Data for Name: ar_internal_metadata; Type: TABLE DATA; Schema: public; Owner: -
--

COPY public.ar_internal_metadata (key, value, created_at, updated_at) FROM stdin;
environment	development	2020-12-05 12:17:17.618859+03	2020-12-05 12:17:17.618859+03
\.


--
-- Data for Name: articles; Type: TABLE DATA; Schema: public; Owner: -
--

COPY public.articles (id, title, body, created_at, updated_at, image_file_name, image_content_type, image_file_size, image_updated_at) FROM stdin;
1	Sample Article Title	This is the text for my article, woo hoo!	2020-12-05 12:23:36.61396+03	2020-12-06 16:49:12.678381+03	hsl_wheel.png	image/png	93578	2020-12-06 16:49:12.656786+03
2	Article Title B	yayyy	2020-12-05 12:24:51.907886+03	2020-12-05 12:24:51.907886+03	\N	\N	\N	\N
5	test		2020-12-05 14:01:38.124184+03	2020-12-05 14:43:48.508686+03	\N	\N	\N	\N
7	article with a body	Finally, I'm free!	2020-12-05 14:03:12.399959+03	2020-12-05 14:03:12.399959+03	\N	\N	\N	\N
8	new way	hi	2020-12-05 14:04:27.823509+03	2020-12-05 14:04:27.823509+03	\N	\N	\N	\N
9	third way	ye	2020-12-05 14:06:49.129413+03	2020-12-05 14:41:20.47304+03	\N	\N	\N	\N
12	A Sample Article for Tagging!	Great article goes here	2020-12-06 09:38:43.696606+03	2020-12-06 09:38:43.696606+03	\N	\N	\N	\N
14	another article for tagging	tag me!	2020-12-06 11:03:04.980588+03	2020-12-06 11:03:04.980588+03	\N	\N	\N	\N
\.


--
-- Data for Name: authors; Type: TABLE DATA; Schema: public; Owner: -
--

COPY public.authors (id, username, email, crypted_password, salt, created_at, updated_at) FROM stdin;
1		admin@example.com	$2a$10$bnFyOGfASj1Uk.CX5qMTEO34gRtZDrPVr3z3kgbY7VMTqwOBNh5.K	yk2WxnN7FyeTnmmsZeNz	2020-12-06 17:30:06.152371+03	2020-12-06 17:30:06.152371+03
\.


--
-- Data for Name: comments; Type: TABLE DATA; Schema: public; Owner: -
--

COPY public.comments (id, author_name, body, article_id, created_at, updated_at) FROM stdin;
1	Daffy Duck	I think this article is thhh-thhh-thupid!	1	2020-12-06 07:19:20.612093+03	2020-12-06 07:19:20.612093+03
2	Chewbacca	RAWR!	1	2020-12-06 07:19:31.343375+03	2020-12-06 07:19:31.343375+03
3	1123	12	1	2020-12-06 07:31:55.669403+03	2020-12-06 07:31:55.669403+03
4	t	a	1	2020-12-06 07:31:59.971932+03	2020-12-06 07:31:59.971932+03
5		nice bird	1	2020-12-06 07:32:23.029631+03	2020-12-06 07:32:23.029631+03
\.


--
-- Data for Name: schema_migrations; Type: TABLE DATA; Schema: public; Owner: -
--

COPY public.schema_migrations (version) FROM stdin;
20201205121119
20201206071356
20201206091617
20201206091629
20201206163949
20201206171808
\.


--
-- Data for Name: taggings; Type: TABLE DATA; Schema: public; Owner: -
--

COPY public.taggings (id, tag_id, article_id, created_at, updated_at) FROM stdin;
1	1	1	2020-12-06 09:19:07.071154+03	2020-12-06 09:19:07.071154+03
2	2	1	2020-12-06 09:19:14.350764+03	2020-12-06 09:19:14.350764+03
3	3	12	2020-12-06 09:38:43.697522+03	2020-12-06 09:38:43.697522+03
4	4	12	2020-12-06 09:38:43.6982+03	2020-12-06 09:38:43.6982+03
8	8	14	2020-12-06 11:04:32.891832+03	2020-12-06 11:04:32.891832+03
\.


--
-- Data for Name: tags; Type: TABLE DATA; Schema: public; Owner: -
--

COPY public.tags (id, name, created_at, updated_at) FROM stdin;
1	tag1	2020-12-06 09:19:07.059358+03	2020-12-06 09:19:07.059358+03
2	tag2	2020-12-06 09:19:14.349139+03	2020-12-06 09:19:14.349139+03
3	ruby	2020-12-06 09:38:43.684305+03	2020-12-06 09:38:43.684305+03
4	technology	2020-12-06 09:38:43.687489+03	2020-12-06 09:38:43.687489+03
8	ok	2020-12-06 11:04:32.889085+03	2020-12-06 11:04:32.889085+03
\.


--
-- Name: articles_id_seq; Type: SEQUENCE SET; Schema: public; Owner: -
--

SELECT pg_catalog.setval('public.articles_id_seq', 14, true);


--
-- Name: authors_id_seq; Type: SEQUENCE SET; Schema: public; Owner: -
--

SELECT pg_catalog.setval('public.authors_id_seq', 1, true);


--
-- Name: comments_id_seq; Type: SEQUENCE SET; Schema: public; Owner: -
--

SELECT pg_catalog.setval('public.comments_id_seq', 5, true);


--
-- Name: taggings_id_seq; Type: SEQUENCE SET; Schema: public; Owner: -
--

SELECT pg_catalog.setval('public.taggings_id_seq', 8, true);


--
-- Name: tags_id_seq; Type: SEQUENCE SET; Schema: public; Owner: -
--

SELECT pg_catalog.setval('public.tags_id_seq', 8, true);


--
-- Name: schema_migrations idx_16809_sqlite_autoindex_schema_migrations_1; Type: CONSTRAINT; Schema: public; Owner: -
--

ALTER TABLE ONLY public.schema_migrations
    ADD CONSTRAINT idx_16809_sqlite_autoindex_schema_migrations_1 PRIMARY KEY (version);


--
-- Name: ar_internal_metadata idx_16815_sqlite_autoindex_ar_internal_metadata_1; Type: CONSTRAINT; Schema: public; Owner: -
--

ALTER TABLE ONLY public.ar_internal_metadata
    ADD CONSTRAINT idx_16815_sqlite_autoindex_ar_internal_metadata_1 PRIMARY KEY (key);


--
-- Name: articles idx_16823_articles_pkey; Type: CONSTRAINT; Schema: public; Owner: -
--

ALTER TABLE ONLY public.articles
    ADD CONSTRAINT idx_16823_articles_pkey PRIMARY KEY (id);


--
-- Name: comments idx_16832_comments_pkey; Type: CONSTRAINT; Schema: public; Owner: -
--

ALTER TABLE ONLY public.comments
    ADD CONSTRAINT idx_16832_comments_pkey PRIMARY KEY (id);


--
-- Name: tags idx_16841_tags_pkey; Type: CONSTRAINT; Schema: public; Owner: -
--

ALTER TABLE ONLY public.tags
    ADD CONSTRAINT idx_16841_tags_pkey PRIMARY KEY (id);


--
-- Name: taggings idx_16850_taggings_pkey; Type: CONSTRAINT; Schema: public; Owner: -
--

ALTER TABLE ONLY public.taggings
    ADD CONSTRAINT idx_16850_taggings_pkey PRIMARY KEY (id);


--
-- Name: authors idx_16856_authors_pkey; Type: CONSTRAINT; Schema: public; Owner: -
--

ALTER TABLE ONLY public.authors
    ADD CONSTRAINT idx_16856_authors_pkey PRIMARY KEY (id);


--
-- Name: idx_16832_index_comments_on_article_id; Type: INDEX; Schema: public; Owner: -
--

CREATE INDEX idx_16832_index_comments_on_article_id ON public.comments USING btree (article_id);


--
-- Name: idx_16850_index_taggings_on_article_id; Type: INDEX; Schema: public; Owner: -
--

CREATE INDEX idx_16850_index_taggings_on_article_id ON public.taggings USING btree (article_id);


--
-- Name: idx_16850_index_taggings_on_tag_id; Type: INDEX; Schema: public; Owner: -
--

CREATE INDEX idx_16850_index_taggings_on_tag_id ON public.taggings USING btree (tag_id);


--
-- Name: idx_16856_index_authors_on_email; Type: INDEX; Schema: public; Owner: -
--

CREATE UNIQUE INDEX idx_16856_index_authors_on_email ON public.authors USING btree (email);


--
-- Name: comments comments_article_id_fkey; Type: FK CONSTRAINT; Schema: public; Owner: -
--

ALTER TABLE ONLY public.comments
    ADD CONSTRAINT comments_article_id_fkey FOREIGN KEY (article_id) REFERENCES public.articles(id);


--
-- Name: taggings taggings_article_id_fkey; Type: FK CONSTRAINT; Schema: public; Owner: -
--

ALTER TABLE ONLY public.taggings
    ADD CONSTRAINT taggings_article_id_fkey FOREIGN KEY (article_id) REFERENCES public.articles(id);


--
-- Name: taggings taggings_tag_id_fkey; Type: FK CONSTRAINT; Schema: public; Owner: -
--

ALTER TABLE ONLY public.taggings
    ADD CONSTRAINT taggings_tag_id_fkey FOREIGN KEY (tag_id) REFERENCES public.tags(id);


--
-- PostgreSQL database dump complete
--

